-- --------------------------------------------------------
-- Servidor:                     127.0.0.1
-- Versão do servidor:           8.3.0 - MySQL Community Server - GPL
-- OS do Servidor:               Win64
-- HeidiSQL Versão:              12.0.0.6468
-- --------------------------------------------------------

/*!40101 SET @OLD_CHARACTER_SET_CLIENT=@@CHARACTER_SET_CLIENT */
;
/*!40101 SET NAMES utf8 */
;
/*!50503 SET NAMES utf8mb4 */
;
/*!40103 SET @OLD_TIME_ZONE=@@TIME_ZONE */
;
/*!40103 SET TIME_ZONE='+00:00' */
;
/*!40014 SET @OLD_FOREIGN_KEY_CHECKS=@@FOREIGN_KEY_CHECKS, FOREIGN_KEY_CHECKS=0 */
;
/*!40101 SET @OLD_SQL_MODE=@@SQL_MODE, SQL_MODE='NO_AUTO_VALUE_ON_ZERO' */
;
/*!40111 SET @OLD_SQL_NOTES=@@SQL_NOTES, SQL_NOTES=0 */
;

-- Copiando estrutura do banco de dados para escola
CREATE DATABASE IF NOT EXISTS `escola` /*!40100 DEFAULT CHARACTER SET utf8mb4 COLLATE utf8mb4_0900_ai_ci */ /*!80016 DEFAULT ENCRYPTION='N' */;

USE `escola`;

-- Copiando estrutura para tabela escola.aluno
CREATE TABLE IF NOT EXISTS `aluno` (
    `id` int NOT NULL AUTO_INCREMENT,
    `matricula` int DEFAULT NULL,
    `nome` varchar(255) DEFAULT NULL,
    `email` varchar(255) DEFAULT NULL,
    `data_nascimento` date DEFAULT NULL,
    `foto` varchar(254) DEFAULT NULL,
    PRIMARY KEY (`id`)
) ENGINE = MyISAM AUTO_INCREMENT = 13 DEFAULT CHARSET = utf8mb4 COLLATE = utf8mb4_0900_ai_ci;

-- Copiando dados para a tabela escola.aluno: 7 rows
/*!40000 ALTER TABLE `aluno` DISABLE KEYS */
;
INSERT INTO
    `aluno` (
        `id`,
        `matricula`,
        `nome`,
        `email`,
        `data_nascimento`,
        `foto`
    )
VALUES (
        5,
        106,
        'João',
        'joao@gmail.com',
        '2025-10-07',
        NULL
    ),
    (
        2,
        103,
        'Gustavo Nogueira de Sousa',
        'gustavoplay10@gmail.com',
        '1999-10-01',
        NULL
    ),
    (
        4,
        105,
        'Guilherme',
        'guilherme@gmail.com',
        '2025-10-06',
        NULL
    ),
    (
        6,
        109,
        'Arthur',
        'arthur@gmail.com',
        '2025-10-02',
        NULL
    ),
    (
        8,
        10256,
        'Théo Hernandez',
        'theo@gmail.com',
        '2025-03-23',
        'imagens/Captura-de-Tela-2018-12-14-às-09.01.09-1759501595.png'
    ),
    (
        11,
        4586,
        'Gustavo Nogueira',
        'gustavonogueira@gmail.com',
        '2025-10-15',
        'imagens/d1265561-a929-445d-8a94-4e815bef1123-1760526427.jpeg'
    ),
    (
        12,
        458,
        'Fabricio Bruno',
        'fabriciobruno@gmail.com',
        '1989-04-25',
        'imagens/8844d518-7b13-4005-ac72-c262b1fdc4d3-1760527007.jpeg'
    );
/*!40000 ALTER TABLE `aluno` ENABLE KEYS */
;

-- Copiando estrutura para tabela escola.avaliacao
CREATE TABLE IF NOT EXISTS `avaliacao` (
    `id` int NOT NULL AUTO_INCREMENT,
    `likes` int DEFAULT NULL,
    `deslikes` int DEFAULT NULL,
    `publicao_id` int DEFAULT NULL,
    PRIMARY KEY (`id`)
) ENGINE = MyISAM AUTO_INCREMENT = 2 DEFAULT CHARSET = utf8mb4 COLLATE = utf8mb4_0900_ai_ci;

-- Copiando dados para a tabela escola.avaliacao: 1 rows
/*!40000 ALTER TABLE `avaliacao` DISABLE KEYS */
;
INSERT INTO
    `avaliacao` (
        `id`,
        `likes`,
        `deslikes`,
        `publicao_id`
    )
VALUES (1, 10, 0, 1);
/*!40000 ALTER TABLE `avaliacao` ENABLE KEYS */
;

-- Copiando estrutura para tabela escola.cache
CREATE TABLE IF NOT EXISTS `cache` (
    `key` varchar(191) COLLATE utf8mb4_unicode_ci NOT NULL,
    `value` mediumtext COLLATE utf8mb4_unicode_ci NOT NULL,
    `expiration` int NOT NULL,
    PRIMARY KEY (`key`)
) ENGINE = MyISAM DEFAULT CHARSET = utf8mb4 COLLATE = utf8mb4_unicode_ci;

-- Copiando dados para a tabela escola.cache: 0 rows
/*!40000 ALTER TABLE `cache` DISABLE KEYS */
;
/*!40000 ALTER TABLE `cache` ENABLE KEYS */
;

-- Copiando estrutura para tabela escola.cache_locks
CREATE TABLE IF NOT EXISTS `cache_locks` (
    `key` varchar(191) COLLATE utf8mb4_unicode_ci NOT NULL,
    `owner` varchar(191) COLLATE utf8mb4_unicode_ci NOT NULL,
    `expiration` int NOT NULL,
    PRIMARY KEY (`key`)
) ENGINE = MyISAM DEFAULT CHARSET = utf8mb4 COLLATE = utf8mb4_unicode_ci;

-- Copiando dados para a tabela escola.cache_locks: 0 rows
/*!40000 ALTER TABLE `cache_locks` DISABLE KEYS */
;
/*!40000 ALTER TABLE `cache_locks` ENABLE KEYS */
;

-- Copiando estrutura para tabela escola.contato_aluno
CREATE TABLE IF NOT EXISTS `contato_aluno` (
    `id` int NOT NULL AUTO_INCREMENT,
    `aluno_id` int NOT NULL,
    `telefone` varchar(20) NOT NULL,
    PRIMARY KEY (`id`),
    KEY `aluno_id` (`aluno_id`)
) ENGINE = MyISAM AUTO_INCREMENT = 7 DEFAULT CHARSET = utf8mb4 COLLATE = utf8mb4_0900_ai_ci;

-- Copiando dados para a tabela escola.contato_aluno: 5 rows
/*!40000 ALTER TABLE `contato_aluno` DISABLE KEYS */
;
INSERT INTO
    `contato_aluno` (`id`, `aluno_id`, `telefone`)
VALUES (1, 10, '86988789854'),
    (2, 5, '86988774478'),
    (3, 2, '86988774488'),
    (5, 11, '86988545645'),
    (6, 12, '86988789889');
/*!40000 ALTER TABLE `contato_aluno` ENABLE KEYS */
;

-- Copiando estrutura para tabela escola.curso
CREATE TABLE IF NOT EXISTS `curso` (
    `id` int NOT NULL AUTO_INCREMENT,
    `nome` varchar(255) NOT NULL,
    PRIMARY KEY (`id`)
) ENGINE = MyISAM AUTO_INCREMENT = 4 DEFAULT CHARSET = utf8mb4 COLLATE = utf8mb4_0900_ai_ci;

-- Copiando dados para a tabela escola.curso: 2 rows
/*!40000 ALTER TABLE `curso` DISABLE KEYS */
;
INSERT INTO
    `curso` (`id`, `nome`)
VALUES (
        1,
        'Técnico em Informática para Internet'
    ),
    (
        3,
        'Técnico em Desenvolvimento de Sistemas'
    );
/*!40000 ALTER TABLE `curso` ENABLE KEYS */
;

-- Copiando estrutura para tabela escola.failed_jobs
CREATE TABLE IF NOT EXISTS `failed_jobs` (
    `id` bigint unsigned NOT NULL AUTO_INCREMENT,
    `uuid` varchar(191) COLLATE utf8mb4_unicode_ci NOT NULL,
    `connection` text COLLATE utf8mb4_unicode_ci NOT NULL,
    `queue` text COLLATE utf8mb4_unicode_ci NOT NULL,
    `payload` longtext COLLATE utf8mb4_unicode_ci NOT NULL,
    `exception` longtext COLLATE utf8mb4_unicode_ci NOT NULL,
    `failed_at` timestamp NOT NULL DEFAULT CURRENT_TIMESTAMP,
    PRIMARY KEY (`id`),
    UNIQUE KEY `failed_jobs_uuid_unique` (`uuid`)
) ENGINE = MyISAM DEFAULT CHARSET = utf8mb4 COLLATE = utf8mb4_unicode_ci;

-- Copiando dados para a tabela escola.failed_jobs: 0 rows
/*!40000 ALTER TABLE `failed_jobs` DISABLE KEYS */
;
/*!40000 ALTER TABLE `failed_jobs` ENABLE KEYS */
;

-- Copiando estrutura para tabela escola.jobs
CREATE TABLE IF NOT EXISTS `jobs` (
    `id` bigint unsigned NOT NULL AUTO_INCREMENT,
    `queue` varchar(191) COLLATE utf8mb4_unicode_ci NOT NULL,
    `payload` longtext COLLATE utf8mb4_unicode_ci NOT NULL,
    `attempts` tinyint unsigned NOT NULL,
    `reserved_at` int unsigned DEFAULT NULL,
    `available_at` int unsigned NOT NULL,
    `created_at` int unsigned NOT NULL,
    PRIMARY KEY (`id`),
    KEY `jobs_queue_index` (`queue`)
) ENGINE = MyISAM DEFAULT CHARSET = utf8mb4 COLLATE = utf8mb4_unicode_ci;

-- Copiando dados para a tabela escola.jobs: 0 rows
/*!40000 ALTER TABLE `jobs` DISABLE KEYS */
;
/*!40000 ALTER TABLE `jobs` ENABLE KEYS */
;

-- Copiando estrutura para tabela escola.job_batches
CREATE TABLE IF NOT EXISTS `job_batches` (
    `id` varchar(191) COLLATE utf8mb4_unicode_ci NOT NULL,
    `name` varchar(191) COLLATE utf8mb4_unicode_ci NOT NULL,
    `total_jobs` int NOT NULL,
    `pending_jobs` int NOT NULL,
    `failed_jobs` int NOT NULL,
    `failed_job_ids` longtext COLLATE utf8mb4_unicode_ci NOT NULL,
    `options` mediumtext COLLATE utf8mb4_unicode_ci,
    `cancelled_at` int DEFAULT NULL,
    `created_at` int NOT NULL,
    `finished_at` int DEFAULT NULL,
    PRIMARY KEY (`id`)
) ENGINE = MyISAM DEFAULT CHARSET = utf8mb4 COLLATE = utf8mb4_unicode_ci;

-- Copiando dados para a tabela escola.job_batches: 0 rows
/*!40000 ALTER TABLE `job_batches` DISABLE KEYS */
;
/*!40000 ALTER TABLE `job_batches` ENABLE KEYS */
;

-- Copiando estrutura para tabela escola.migrations
CREATE TABLE IF NOT EXISTS `migrations` (
    `id` int unsigned NOT NULL AUTO_INCREMENT,
    `migration` varchar(191) COLLATE utf8mb4_unicode_ci NOT NULL,
    `batch` int NOT NULL,
    PRIMARY KEY (`id`)
) ENGINE = MyISAM AUTO_INCREMENT = 4 DEFAULT CHARSET = utf8mb4 COLLATE = utf8mb4_unicode_ci;

-- Copiando dados para a tabela escola.migrations: 3 rows
/*!40000 ALTER TABLE `migrations` DISABLE KEYS */
;
INSERT INTO
    `migrations` (`id`, `migration`, `batch`)
VALUES (
        1,
        '0001_01_01_000000_create_users_table',
        1
    ),
    (
        2,
        '0001_01_01_000001_create_cache_table',
        1
    ),
    (
        3,
        '0001_01_01_000002_create_jobs_table',
        1
    );
/*!40000 ALTER TABLE `migrations` ENABLE KEYS */
;

-- Copiando estrutura para tabela escola.password_reset_tokens
CREATE TABLE IF NOT EXISTS `password_reset_tokens` (
    `email` varchar(191) COLLATE utf8mb4_unicode_ci NOT NULL,
    `token` varchar(191) COLLATE utf8mb4_unicode_ci NOT NULL,
    `created_at` timestamp NULL DEFAULT NULL,
    PRIMARY KEY (`email`)
) ENGINE = MyISAM DEFAULT CHARSET = utf8mb4 COLLATE = utf8mb4_unicode_ci;

-- Copiando dados para a tabela escola.password_reset_tokens: 0 rows
/*!40000 ALTER TABLE `password_reset_tokens` DISABLE KEYS */
;
/*!40000 ALTER TABLE `password_reset_tokens` ENABLE KEYS */
;

-- Copiando estrutura para tabela escola.sessions
CREATE TABLE IF NOT EXISTS `sessions` (
    `id` varchar(191) COLLATE utf8mb4_unicode_ci NOT NULL,
    `user_id` bigint unsigned DEFAULT NULL,
    `ip_address` varchar(45) COLLATE utf8mb4_unicode_ci DEFAULT NULL,
    `user_agent` text COLLATE utf8mb4_unicode_ci,
    `payload` longtext COLLATE utf8mb4_unicode_ci NOT NULL,
    `last_activity` int NOT NULL,
    PRIMARY KEY (`id`),
    KEY `sessions_user_id_index` (`user_id`),
    KEY `sessions_last_activity_index` (`last_activity`)
) ENGINE = MyISAM DEFAULT CHARSET = utf8mb4 COLLATE = utf8mb4_unicode_ci;

-- Copiando dados para a tabela escola.sessions: 8 rows
/*!40000 ALTER TABLE `sessions` DISABLE KEYS */
;
INSERT INTO
    `sessions` (
        `id`,
        `user_id`,
        `ip_address`,
        `user_agent`,
        `payload`,
        `last_activity`
    )
VALUES (
        'Kq3aCZAMcWFbTISPX3ursDU7jHfpEpoluEzSbsKN',
        NULL,
        '127.0.0.1',
        'Mozilla/5.0 (Windows NT 10.0; Win64; x64) AppleWebKit/537.36 (KHTML, like Gecko) Chrome/141.0.0.0 Safari/537.36',
        'YTozOntzOjY6Il90b2tlbiI7czo0MDoiYnFyODBvb2RyYk9qVk1Xa0x1QkhIQVNhaHoxb0NKYWQzTkJkTVRnMyI7czo5OiJfcHJldmlvdXMiO2E6MTp7czozOiJ1cmwiO3M6MzQ6Imh0dHA6Ly8xMjcuMC4wLjE6ODAwMC9hbHVuby9jcmVhdGUiO31zOjY6Il9mbGFzaCI7YToyOntzOjM6Im9sZCI7YTowOnt9czozOiJuZXciO2E6MDp7fX19',
        1761315925
    ),
    (
        'tCiomwt47rfglIeRDvIoyWpAgFHla0Ti6wCHjueF',
        NULL,
        '127.0.0.1',
        'Mozilla/5.0 (Windows NT 10.0; Win64; x64) AppleWebKit/537.36 (KHTML, like Gecko) Chrome/141.0.0.0 Safari/537.36',
        'YTozOntzOjY6Il90b2tlbiI7czo0MDoialRrN1B2RHBFdzdFUmk3UkVYdmRYc1I1eUF4SVpDNXV3bDdVRTNjNyI7czo5OiJfcHJldmlvdXMiO2E6MTp7czozOiJ1cmwiO3M6MjE6Imh0dHA6Ly8xMjcuMC4wLjE6ODAwMCI7fXM6NjoiX2ZsYXNoIjthOjI6e3M6Mzoib2xkIjthOjA6e31zOjM6Im5ldyI7YTowOnt9fX0=',
        1760610296
    ),
    (
        'xpIPfPYp0ne0iSoiKGXx3eHYaPqCMv3FGDzIdbV9',
        2,
        '127.0.0.1',
        'Mozilla/5.0 (Windows NT 10.0; Win64; x64) AppleWebKit/537.36 (KHTML, like Gecko) Chrome/141.0.0.0 Safari/537.36',
        'YTo1OntzOjY6Il90b2tlbiI7czo0MDoiT2lXQmZjZUR5V1phRThOclZuVjBDUG1SYmZNaDhFeXlXa0x4bTVDbCI7czo2OiJfZmxhc2giO2E6Mjp7czozOiJvbGQiO2E6MDp7fXM6MzoibmV3IjthOjA6e319czo5OiJfcHJldmlvdXMiO2E6MTp7czozOiJ1cmwiO3M6Mjc6Imh0dHA6Ly8xMjcuMC4wLjE6ODAwMC9hbHVubyI7fXM6MzoidXJsIjthOjA6e31zOjUwOiJsb2dpbl93ZWJfNTliYTM2YWRkYzJiMmY5NDAxNTgwZjAxNGM3ZjU4ZWE0ZTMwOTg5ZCI7aToyO30=',
        1760615565
    ),
    (
        'yyngHdWYdAso4hyTmEopQm6SKIG2GeXWIdmLFhEt',
        NULL,
        '127.0.0.1',
        'Mozilla/5.0 (Windows NT 10.0; Win64; x64) AppleWebKit/537.36 (KHTML, like Gecko) Chrome/141.0.0.0 Safari/537.36',
        'YTozOntzOjY6Il90b2tlbiI7czo0MDoiZExYQ1M3T25MR2cxcUJxV0VWV1Y1TzJoVHE0YTY0bXNJNjJnOUQ2eiI7czo2OiJfZmxhc2giO2E6Mjp7czozOiJvbGQiO2E6MDp7fXM6MzoibmV3IjthOjA6e319czo5OiJfcHJldmlvdXMiO2E6MTp7czozOiJ1cmwiO3M6MjE6Imh0dHA6Ly8xMjcuMC4wLjE6ODAwMCI7fX0=',
        1761128865
    ),
    (
        'I07loyj1y8fmwi1lO5QpKHVHz290q12s43VkNy1x',
        NULL,
        '127.0.0.1',
        'Mozilla/5.0 (Windows NT 10.0; Win64; x64) AppleWebKit/537.36 (KHTML, like Gecko) Chrome/141.0.0.0 Safari/537.36',
        'YTozOntzOjY6Il90b2tlbiI7czo0MDoiMmxmY0lIOEdIakFDQzVQTjIxY1JOY3N0bmJKbHZ3MFRMb2lBNks3NCI7czo5OiJfcHJldmlvdXMiO2E6MTp7czozOiJ1cmwiO3M6MjE6Imh0dHA6Ly8xMjcuMC4wLjE6ODAwMCI7fXM6NjoiX2ZsYXNoIjthOjI6e3M6Mzoib2xkIjthOjA6e31zOjM6Im5ldyI7YTowOnt9fX0=',
        1761216681
    ),
    (
        'MJ0g7VCidoNi95rVMDjMedPWsCeLzQ6W03Ap5BKs',
        NULL,
        '127.0.0.1',
        'Mozilla/5.0 (Windows NT 10.0; Win64; x64) AppleWebKit/537.36 (KHTML, like Gecko) Chrome/141.0.0.0 Safari/537.36',
        'YTozOntzOjY6Il90b2tlbiI7czo0MDoiUVFCUTFyZlVpSUtpNlRla0FmTjN2VUhBUlBscmJmTm1IUnVvOTVSeCI7czo5OiJfcHJldmlvdXMiO2E6MTp7czozOiJ1cmwiO3M6MjE6Imh0dHA6Ly8xMjcuMC4wLjE6ODAwMCI7fXM6NjoiX2ZsYXNoIjthOjI6e3M6Mzoib2xkIjthOjA6e31zOjM6Im5ldyI7YTowOnt9fX0=',
        1761232390
    ),
    (
        'v5tTPdz1NHxbajzyTSyb598b36DxDRwzIXqX2clt',
        NULL,
        '127.0.0.1',
        'Mozilla/5.0 (Windows NT 10.0; Win64; x64) AppleWebKit/537.36 (KHTML, like Gecko) Chrome/141.0.0.0 Safari/537.36',
        'YTozOntzOjY6Il90b2tlbiI7czo0MDoiemlZeDhSbklGVjhNdlhvWHB3SkZaY1hIR3VvVTNlbk1GRWJYaUxJeCI7czo5OiJfcHJldmlvdXMiO2E6MTp7czozOiJ1cmwiO3M6MjE6Imh0dHA6Ly8xMjcuMC4wLjE6ODAwMCI7fXM6NjoiX2ZsYXNoIjthOjI6e3M6Mzoib2xkIjthOjA6e31zOjM6Im5ldyI7YTowOnt9fX0=',
        1761302870
    ),
    (
        'nitPLT0f86IK7R5CUzq7oddNT79rqftF9oSEroEZ',
        NULL,
        '127.0.0.1',
        'PostmanRuntime/7.49.0',
        'YTozOntzOjY6Il90b2tlbiI7czo0MDoibkNYajhGTzlPOVU2Yjh4SWtwaTMyVzBzQXd0UHZuZkxKYXdwaGZ0UyI7czo5OiJfcHJldmlvdXMiO2E6MTp7czozOiJ1cmwiO3M6Mzk6Imh0dHA6Ly8xMjcuMC4wLjE6ODAwMC9jb25zdWx0YXIvdHVybWEvMSI7fXM6NjoiX2ZsYXNoIjthOjI6e3M6Mzoib2xkIjthOjA6e31zOjM6Im5ldyI7YTowOnt9fX0=',
        1761316144
    );
/*!40000 ALTER TABLE `sessions` ENABLE KEYS */
;

-- Copiando estrutura para tabela escola.turma
CREATE TABLE IF NOT EXISTS `turma` (
    `id` int NOT NULL AUTO_INCREMENT,
    `descricao` varchar(255) NOT NULL,
    `curso_id` int NOT NULL,
    PRIMARY KEY (`id`),
    KEY `curso_id` (`curso_id`)
) ENGINE = MyISAM AUTO_INCREMENT = 3 DEFAULT CHARSET = utf8mb4 COLLATE = utf8mb4_0900_ai_ci;

-- Copiando dados para a tabela escola.turma: 2 rows
/*!40000 ALTER TABLE `turma` DISABLE KEYS */
;
INSERT INTO
    `turma` (`id`, `descricao`, `curso_id`)
VALUES (1, '3º ano EMI', 1),
    (2, '2º Ano EMI', 3);
/*!40000 ALTER TABLE `turma` ENABLE KEYS */
;

-- Copiando estrutura para tabela escola.turma_aluno
CREATE TABLE IF NOT EXISTS `turma_aluno` (
    `id` int NOT NULL AUTO_INCREMENT,
    `aluno_id` int NOT NULL,
    `turma_id` int NOT NULL,
    PRIMARY KEY (`id`),
    KEY `aluno_id` (`aluno_id`),
    KEY `turma_id` (`turma_id`)
) ENGINE = MyISAM AUTO_INCREMENT = 9 DEFAULT CHARSET = utf8mb4 COLLATE = utf8mb4_0900_ai_ci;

-- Copiando dados para a tabela escola.turma_aluno: 8 rows
/*!40000 ALTER TABLE `turma_aluno` DISABLE KEYS */
;
INSERT INTO
    `turma_aluno` (`id`, `aluno_id`, `turma_id`)
VALUES (1, 9, 1),
    (2, 5, 2),
    (3, 9, 2),
    (4, 10, 2),
    (5, 5, 1),
    (6, 2, 1),
    (7, 11, 1),
    (8, 12, 2);
/*!40000 ALTER TABLE `turma_aluno` ENABLE KEYS */
;

-- Copiando estrutura para tabela escola.users
CREATE TABLE IF NOT EXISTS `users` (
    `id` bigint unsigned NOT NULL AUTO_INCREMENT,
    `name` varchar(191) COLLATE utf8mb4_unicode_ci NOT NULL,
    `email` varchar(191) COLLATE utf8mb4_unicode_ci NOT NULL,
    `email_verified_at` timestamp NULL DEFAULT NULL,
    `password` varchar(191) COLLATE utf8mb4_unicode_ci NOT NULL,
    `remember_token` varchar(100) COLLATE utf8mb4_unicode_ci DEFAULT NULL,
    `created_at` timestamp NULL DEFAULT NULL,
    `updated_at` timestamp NULL DEFAULT NULL,
    `foto` varchar(100) COLLATE utf8mb4_unicode_ci DEFAULT NULL,
    `nickname` varchar(100) COLLATE utf8mb4_unicode_ci DEFAULT NULL,
    PRIMARY KEY (`id`),
    UNIQUE KEY `users_email_unique` (`email`)
) ENGINE = MyISAM AUTO_INCREMENT = 4 DEFAULT CHARSET = utf8mb4 COLLATE = utf8mb4_unicode_ci;

-- Copiando dados para a tabela escola.users: 3 rows
/*!40000 ALTER TABLE `users` DISABLE KEYS */
;
INSERT INTO
    `users` (
        `id`,
        `name`,
        `email`,
        `email_verified_at`,
        `password`,
        `remember_token`,
        `created_at`,
        `updated_at`,
        `foto`,
        `nickname`
    )
VALUES (
        1,
        'Mizael',
        'mizaelcarlos44@gmail.com',
        NULL,
        '$2y$12$SocRrVKGQs6wtIfkbgnqd.B455uOvZm0nN1RLOWrdfPkEQXIy.xuG',
        NULL,
        '2025-10-15 15:50:56',
        '2025-10-15 15:50:56',
        NULL,
        NULL
    ),
    (
        2,
        'Robson',
        'robson@gmail.com',
        NULL,
        '$2y$12$IoE0JA4Yh7yjkzbBAHWXOua6NQ1N34cnSD.x2NuqkUnUixRPOF516',
        NULL,
        '2025-10-16 14:03:19',
        '2025-10-16 14:03:19',
        NULL,
        NULL
    ),
    (
        3,
        'usuario01',
        'usuario01@usuario.com',
        NULL,
        '$2y$12$S7U8U1nEE0doI1lOMWAhQeqSe0V5m3T7ItszioN26QUnQfiGyLTcu',
        NULL,
        '2025-10-22 13:23:18',
        '2025-10-22 13:23:18',
        'usuario_01.jpg',
        'usuario_01'
    );
/*!40000 ALTER TABLE `users` ENABLE KEYS */
;

/*!40103 SET TIME_ZONE=IFNULL(@OLD_TIME_ZONE, 'system') */
;
/*!40101 SET SQL_MODE=IFNULL(@OLD_SQL_MODE, '') */
;
/*!40014 SET FOREIGN_KEY_CHECKS=IFNULL(@OLD_FOREIGN_KEY_CHECKS, 1) */
;
/*!40101 SET CHARACTER_SET_CLIENT=@OLD_CHARACTER_SET_CLIENT */
;
/*!40111 SET SQL_NOTES=IFNULL(@OLD_SQL_NOTES, 1) */
;